{
  "environments": {
    "default": {
      "registry": "0x5f6f7e8cc7346a11ca2def8f827b7a0b612c56a1",
      "appName": "DRVT.drvt.eth",
      "network": "rpc"
    },
    "rinkeby": {
      "registry": "0x98df287b6c145399aaa709692c8d308357bc085d",
      "appName": "DRVT.drvt.eth",
      "network": "rinkeby"
    },
    "staging": {
      "registry": "0xfe03625ea880a8cba336f9b5ad6e15b0a3b5a939",
      "appName": "DRVT.drvt.eth",
      "network": "rinkeby"
    },
    "mainnet": {
      "registry": "0x00000000000C2E074eC69A0dFb2997BA6C7d2e1e",
      "appName": "DRVT.drvt.eth",
      "network": "mainnet"
    },
    "ropsten": {
      "registry": "0x6afe2cacee211ea9179992f89dc61ff25c61e923",
      "appName": "DRVT.drvt.eth",
      "network": "ropsten"
    },
    "rinkeby-old": {
      "registry": "0xfbae32d1cde62858bc45f51efc8cc4fa1415447e",
      "appName": "DRVT.drvt.eth",
      "network": "rinkeby"
    }
  },
  "roles": []
}
